Method,Baseline_Win_Raw,Baseline_STD,Steered_Raw_Win_Rate,Steered_STD,Delta,P_Value,T_Stat,Cohens_D,Significance
NEGATIVE,0.496,0.22584083251850864,0.406,0.14764823060233404,-0.08999999999999997,0.020655652730167347,-2.35857476517346,-0.47171495303469196,*
POSITIVE,0.496,0.22584083251850864,0.518,0.15477435847328305,0.02200000000000002,0.571372989845813,0.5681921886042194,0.11363843772084385,n.s.
