Method,Baseline_Win_Raw,Baseline_STD,Steered_Raw_Win_Rate,Delta,P_Value,T_Stat,Cohens_D,Significance
NEGATIVE,0.504,0.22584083251850864,0.594,0.08999999999999997,0.02065565273016735,2.35857476517346,0.4717149530346919,*
POSITIVE,0.504,0.22584083251850864,0.48200000000000004,-0.021999999999999964,0.5713729898458139,-0.5681921886042179,-0.11363843772084356,n.s.
