Method,Baseline_Win_Raw,Baseline_STD,Steered_Raw_Win_Rate,Steered_STD,Delta,P_Value,T_Stat,Cohens_D,Significance
NEGATIVE,0.4599999999999999,0.24989793835051294,0.278,0.16938062438888146,-0.18199999999999988,5.141352050837389e-05,-4.262896569258424,-0.8525793138516846,***
POSITIVE,0.4599999999999999,0.24989793835051294,0.47400000000000003,0.19980602838651243,0.014000000000000123,0.7577041032096855,0.3094023841755604,0.06188047683511209,n.s.
