Method,Baseline_Win_Raw,Baseline_STD,Steered_Raw_Win_Rate,Delta,P_Value,T_Stat,Cohens_D,Significance
NEGATIVE,0.54,0.24989793835051294,0.722,0.18199999999999994,5.141352050837387e-05,4.262896569258425,0.852579313851685,***
POSITIVE,0.54,0.24989793835051294,0.5259999999999999,-0.014000000000000123,0.7577041032096856,-0.30940238417556043,-0.06188047683511208,n.s.
