Method,Baseline_Win_Raw,Baseline_STD,Steered_Raw_Win_Rate,Steered_STD,Delta,P_Value,T_Stat,Cohens_D,Significance
NEGATIVE,0.5120000000000001,0.21819294962327748,0.244,0.1831248041024236,-0.2680000000000001,1.8202375554136133e-09,-6.65264958335198,-1.3305299166703963,***
POSITIVE,0.5120000000000001,0.21819294962327748,0.47600000000000003,0.22182913078607627,-0.03600000000000009,0.41527808094459706,-0.818112828610621,-0.1636225657221242,n.s.
