Method,Baseline_Win_Raw,Baseline_STD,Steered_Raw_Win_Rate,Delta,P_Value,T_Stat,Cohens_D,Significance
NEGATIVE,0.488,0.21819294962327745,0.7560000000000001,0.2680000000000001,1.8202375554136266e-09,6.652649583351979,1.3305299166703966,***
POSITIVE,0.488,0.21819294962327745,0.524,0.03600000000000003,0.4152780809445977,0.8181128286106197,0.16362256572212397,n.s.
