Method,Baseline_Win_Raw,Baseline_STD,Steered_Raw_Win_Rate,Steered_STD,Delta,P_Value,T_Stat,Cohens_D,Significance
NEGATIVE,0.488,0.19020933688106553,0.5359999999999999,0.150861471799361,0.04799999999999993,0.16541462323936726,1.3980595971270708,0.2796119194254142,n.s.
POSITIVE,0.488,0.19020933688106553,0.534,0.16855932159913078,0.04600000000000004,0.20366817979773583,1.2798350999626356,0.2559670199925271,n.s.
