Method,Baseline_Win_Raw,Baseline_STD,Steered_Raw_Win_Rate,Steered_STD,Delta,P_Value,T_Stat,Cohens_D,Significance
NEGATIVE,0.486,0.23561469757696718,0.524,0.1890470193105516,0.038000000000000034,0.37601594819770867,0.8894977985283592,0.1778995597056719,n.s.
POSITIVE,0.486,0.23561469757696718,0.5059999999999999,0.16831699927487406,0.019999999999999907,0.6264712958169096,0.4884011496617746,0.09768022993235494,n.s.
