Method,Baseline_Win_Raw,Baseline_STD,Steered_Raw_Win_Rate,Steered_STD,Delta,P_Value,T_Stat,Cohens_D,Significance
NEGATIVE,0.504,0.23643612417802515,0.622,0.1581655036049651,0.118,0.004304626221722263,2.933212004063436,0.5866424008126873,**
POSITIVE,0.504,0.23643612417802515,0.48,0.1616244071283537,-0.02400000000000002,0.5550271765005573,-0.5925492803822558,-0.11850985607645118,n.s.
