Method,Baseline_Win_Raw,Baseline_STD,Steered_Raw_Win_Rate,Steered_STD,Delta,P_Value,T_Stat,Cohens_D,Significance
NEGATIVE,0.552,0.23753839646658886,0.53,0.18543935693924524,-0.02200000000000002,0.606931421317179,-0.5162207734257372,-0.10324415468514749,n.s.
POSITIVE,0.552,0.23753839646658886,0.522,0.16938062438888146,-0.030000000000000027,0.469070612005123,-0.7271182203358763,-0.14542364406717526,n.s.
