Method,Baseline_Win_Raw,Baseline_STD,Steered_Raw_Win_Rate,Steered_STD,Delta,P_Value,T_Stat,Cohens_D,Significance
NEGATIVE,0.514,0.23561469757696715,0.4759999999999999,0.1890470193105516,-0.03800000000000009,0.3760159481977081,-0.8894977985283605,-0.17789955970567214,n.s.
POSITIVE,0.514,0.23561469757696715,0.49400000000000005,0.16831699927487406,-0.019999999999999962,0.6264712958169087,-0.48840114966177595,-0.09768022993235521,n.s.
