Method,Baseline_Win_Raw,Baseline_STD,Steered_Raw_Win_Rate,Steered_STD,Delta,P_Value,T_Stat,Cohens_D,Significance
NEGATIVE,0.4960000000000001,0.23643612417802523,0.37799999999999995,0.15816550360496517,-0.11800000000000016,0.004304626221722205,-2.9332120040634404,-0.5866424008126878,**
POSITIVE,0.4960000000000001,0.23643612417802523,0.5199999999999999,0.1616244071283537,0.0239999999999998,0.555027176500561,0.5925492803822503,0.11850985607645005,n.s.
