Method,Baseline_Win_Raw,Baseline_STD,Steered_Raw_Win_Rate,Steered_STD,Delta,P_Value,T_Stat,Cohens_D,Significance
NEGATIVE,0.536,0.23365769486012436,0.61,0.17408653724219916,0.07399999999999995,0.07586068678835033,1.7957987175596117,0.35915974351192226,n.s.
POSITIVE,0.536,0.23365769486012436,0.462,0.1748351993700796,-0.07400000000000001,0.07629678048562791,-1.7930424418230513,-0.3586084883646102,n.s.
