Method,Baseline_Win_Raw,Baseline_STD,Steered_Raw_Win_Rate,Steered_STD,Delta,P_Value,T_Stat,Cohens_D,Significance
NEGATIVE,0.54,0.24660966430902964,0.39799999999999996,0.17669297711925422,-0.14200000000000007,0.0013504766394097833,-3.3097313636321277,-0.6619462727264254,**
POSITIVE,0.54,0.24660966430902964,0.17,0.12330483215451483,-0.37,2.563516174077866e-14,-9.489025805542687,-1.8978051611085367,***
