Method,Baseline_Win_Raw,Baseline_STD,Steered_Raw_Win_Rate,Delta,P_Value,T_Stat,Cohens_D,Significance
NEGATIVE,0.4599999999999999,0.24660966430902967,0.602,0.14200000000000007,0.0013504766394097831,3.3097313636321277,0.6619462727264254,**
POSITIVE,0.4599999999999999,0.24660966430902967,0.83,0.37000000000000005,2.563516174077829e-14,9.489025805542688,1.8978051611085371,***
