Method,Baseline_Win_Raw,Baseline_STD,Steered_Raw_Win_Rate,Steered_STD,Delta,P_Value,T_Stat,Cohens_D,Significance
NEGATIVE,0.5159999999999999,0.2359176611810631,0.012,0.03282607226593158,-0.5039999999999999,2.8458943675793343e-20,-14.962052719554682,-2.992410543910936,***
POSITIVE,0.5159999999999999,0.2359176611810631,0.04000000000000001,0.0699854212223765,-0.47599999999999987,9.787312640807502e-20,-13.677810571217465,-2.7355621142434927,***
