Method,Baseline_Win_Raw,Baseline_STD,Steered_Raw_Win_Rate,Delta,P_Value,T_Stat,Cohens_D,Significance
NEGATIVE,0.508,0.2686625985073745,0.516,0.008000000000000007,0.8651277934643657,0.17033949642244112,0.034067899284488216,n.s.
POSITIVE,0.508,0.2686625985073745,0.502,-0.006000000000000005,0.89191916342616,-0.13631478882863018,-0.027262957765726036,n.s.
