Method,Baseline_Win_Raw,Baseline_STD,Steered_Raw_Win_Rate,Steered_STD,Delta,P_Value,T_Stat,Cohens_D,Significance
NEGATIVE,0.4920000000000001,0.2686625985073745,0.484,0.1952078954575854,-0.008000000000000118,0.865127793464364,-0.17033949642244348,-0.03406789928448869,n.s.
POSITIVE,0.4920000000000001,0.2686625985073745,0.49800000000000005,0.15712986959317232,0.00599999999999995,0.891919163426161,0.13631478882862894,0.027262957765725786,n.s.
