Method,Baseline_Win_Raw,Baseline_STD,Steered_Raw_Win_Rate,Steered_STD,Delta,P_Value,T_Stat,Cohens_D,Significance
POSITIVE,0.516,0.25583795892027,0.482,0.14664965887781525,-0.03400000000000003,0.41739322877629625,-0.8152788803002904,-0.1630557760600581,n.s.
