Method,Baseline_Win_Raw,Baseline_STD,Steered_Raw_Win_Rate,Delta,P_Value,T_Stat,Cohens_D,Significance
POSITIVE,0.484,0.25583795892027006,0.518,0.03400000000000003,0.41739322877629625,0.8152788803002903,0.16305577606005808,n.s.
